{
  "trial_id": 24,
  "architecture": "512 \u2192 256 \u2192 64",
  "params": {
    "lrp1": 1e-05,
    "lrp2": 1e-05,
    "layer_options": [
      512,
      256,
      64
    ],
    "dropout_rate": 0.4,
    "optimizer": "rmsprop",
    "epochs_p1": 30,
    "epochs_p2": 40,
    "fine_tune_at": 160
  },
  "test_accuracy": 0.5888888835906982,
  "test_loss": 1.1823400259017944,
  "f1_macro": 0.557659299764563,
  "val_acc_p1": 0.3103448152542114,
  "val_acc_p2": 0.5747126340866089
}