{
  "trial_id": 30,
  "architecture": "512 \u2192 256",
  "params": {
    "lrp1": 1e-05,
    "lrp2": 1.0000000000000002e-06,
    "layer_options": [
      512,
      256
    ],
    "dropout_rate": 0.5,
    "optimizer": "rmsprop",
    "epochs_p1": 30,
    "epochs_p2": 30,
    "fine_tune_at": 160
  },
  "test_accuracy": 0.3333333432674408,
  "test_loss": 1.3185510635375977,
  "f1_macro": 0.33272695292512366,
  "val_acc_p1": 0.36781609058380127,
  "val_acc_p2": 0.3333333432674408
}