{
  "trial_id": 10,
  "architecture": "512 \u2192 256 \u2192 64",
  "params": {
    "lrp1": 0.0001,
    "lrp2": 1e-06,
    "layer_options": [
      512,
      256,
      64
    ],
    "dropout_rate": 0.5,
    "optimizer": "rmsprop",
    "epochs_p1": 20,
    "epochs_p2": 30,
    "fine_tune_at": 140
  },
  "test_accuracy": 0.3888888955116272,
  "test_loss": 1.1361156702041626,
  "f1_macro": 0.3607947831738154,
  "val_acc_p1": 0.4597701132297516,
  "val_acc_p2": 0.40229883790016174
}