{
  "trial_id": 23,
  "architecture": "256 \u2192 128",
  "params": {
    "lrp1": 0.0005,
    "lrp2": 1e-05,
    "layer_options": [
      256,
      128
    ],
    "dropout_rate": 0.4,
    "optimizer": "rmsprop",
    "epochs_p1": 35,
    "epochs_p2": 50,
    "fine_tune_at": 160
  },
  "test_accuracy": 0.47777777910232544,
  "test_loss": 1.3802008628845215,
  "f1_macro": 0.4799270904534062,
  "val_acc_p1": 0.5287356376647949,
  "val_acc_p2": 0.5747126340866089
}