{
  "trial_id": 19,
  "architecture": "512 \u2192 256",
  "params": {
    "lrp1": 0.0005,
    "lrp2": 5e-06,
    "layer_options": [
      512,
      256
    ],
    "dropout_rate": 0.5,
    "optimizer": "rmsprop",
    "epochs_p1": 30,
    "epochs_p2": 20,
    "fine_tune_at": 150
  },
  "test_accuracy": 0.5111111402511597,
  "test_loss": 1.308475136756897,
  "f1_macro": 0.44833916083916087,
  "val_acc_p1": 0.517241358757019,
  "val_acc_p2": 0.540229856967926
}