{
  "trial_id": 6,
  "architecture": "512 \u2192 256",
  "params": {
    "lrp1": 0.001,
    "lrp2": 1e-05,
    "layer_options": [
      512,
      256
    ],
    "dropout_rate": 0.5,
    "optimizer": "adam",
    "epochs_p1": 35,
    "epochs_p2": 30,
    "fine_tune_at": 140
  },
  "test_accuracy": 0.47777777910232544,
  "test_loss": 1.2954275608062744,
  "f1_macro": 0.4814576960284467,
  "val_acc_p1": 0.4597701132297516,
  "val_acc_p2": 0.5287356376647949
}