{
  "trial_id": 2,
  "architecture": "256",
  "params": {
    "lrp1": 0.0005,
    "lrp2": 0.0001,
    "layer_options": [
      256
    ],
    "dropout_rate": 0.4,
    "optimizer": "rmsprop",
    "epochs_p1": 25,
    "epochs_p2": 40,
    "fine_tune_at": 140
  },
  "test_accuracy": 0.5222222208976746,
  "test_loss": 1.8570407629013062,
  "f1_macro": 0.4593251338181084,
  "val_acc_p1": 0.49425286054611206,
  "val_acc_p2": 0.6091954112052917
}