{
  "trial_id": 42,
  "architecture": "512 \u2192 256 \u2192 64",
  "params": {
    "lrp1": 0.0001,
    "lrp2": 1e-06,
    "layer_options": [
      512,
      256,
      64
    ],
    "dropout_rate": 0.3,
    "optimizer": "rmsprop",
    "epochs_p1": 25,
    "epochs_p2": 50,
    "fine_tune_at": 150
  },
  "test_accuracy": 0.3333333432674408,
  "test_loss": 1.319645643234253,
  "f1_macro": 0.3143167943167943,
  "val_acc_p1": 0.4367816150188446,
  "val_acc_p2": 0.29885056614875793
}