{
  "trial_id": 46,
  "architecture": "256 \u2192 128",
  "params": {
    "lrp1": 0.0005,
    "lrp2": 5e-06,
    "layer_options": [
      256,
      128
    ],
    "dropout_rate": 0.4,
    "optimizer": "adam",
    "epochs_p1": 20,
    "epochs_p2": 40,
    "fine_tune_at": 160
  },
  "test_accuracy": 0.42222222685813904,
  "test_loss": 1.055770993232727,
  "f1_macro": 0.4155607810268827,
  "val_acc_p1": 0.5287356376647949,
  "val_acc_p2": 0.48275861144065857
}