{
  "trial_id": 35,
  "architecture": "512 \u2192 256",
  "params": {
    "lrp1": 0.0001,
    "lrp2": 1e-05,
    "layer_options": [
      512,
      256
    ],
    "dropout_rate": 0.4,
    "optimizer": "adam",
    "epochs_p1": 20,
    "epochs_p2": 40,
    "fine_tune_at": 150
  },
  "test_accuracy": 0.42222222685813904,
  "test_loss": 1.5855543613433838,
  "f1_macro": 0.4221218596218596,
  "val_acc_p1": 0.5057471394538879,
  "val_acc_p2": 0.5517241358757019
}