{
  "trial_id": 50,
  "architecture": "256 \u2192 128",
  "params": {
    "lrp1": 0.0005,
    "lrp2": 0.0001,
    "layer_options": [
      256,
      128
    ],
    "dropout_rate": 0.3,
    "optimizer": "rmsprop",
    "epochs_p1": 25,
    "epochs_p2": 20,
    "fine_tune_at": 160
  },
  "test_accuracy": 0.47777777910232544,
  "test_loss": 3.0264885425567627,
  "f1_macro": 0.47557159342056365,
  "val_acc_p1": 0.49425286054611206,
  "val_acc_p2": 0.6206896305084229
}