{
  "trial_id": 47,
  "architecture": "256 \u2192 128",
  "params": {
    "lrp1": 1e-05,
    "lrp2": 1.0000000000000002e-06,
    "layer_options": [
      256,
      128
    ],
    "dropout_rate": 0.4,
    "optimizer": "rmsprop",
    "epochs_p1": 20,
    "epochs_p2": 30,
    "fine_tune_at": 150
  },
  "test_accuracy": 0.30000001192092896,
  "test_loss": 1.3324648141860962,
  "f1_macro": 0.3099488353686115,
  "val_acc_p1": 0.36781609058380127,
  "val_acc_p2": 0.26436781883239746
}