{
  "trial_id": 25,
  "architecture": "512 \u2192 256 \u2192 64",
  "params": {
    "lrp1": 1e-05,
    "lrp2": 1e-06,
    "layer_options": [
      512,
      256,
      64
    ],
    "dropout_rate": 0.6,
    "optimizer": "rmsprop",
    "epochs_p1": 30,
    "epochs_p2": 50,
    "fine_tune_at": 150
  },
  "test_accuracy": 0.25555557012557983,
  "test_loss": 1.4159297943115234,
  "f1_macro": 0.23526610644257703,
  "val_acc_p1": 0.26436781883239746,
  "val_acc_p2": 0.25287356972694397
}