{
  "trial_id": 31,
  "architecture": "512 \u2192 256 \u2192 64",
  "params": {
    "lrp1": 0.0001,
    "lrp2": 1e-06,
    "layer_options": [
      512,
      256,
      64
    ],
    "dropout_rate": 0.4,
    "optimizer": "rmsprop",
    "epochs_p1": 30,
    "epochs_p2": 20,
    "fine_tune_at": 150
  },
  "test_accuracy": 0.42222222685813904,
  "test_loss": 1.1245931386947632,
  "f1_macro": 0.43624393624393626,
  "val_acc_p1": 0.4367816150188446,
  "val_acc_p2": 0.4252873659133911
}