{
  "trial_id": 18,
  "architecture": "512 \u2192 256",
  "params": {
    "lrp1": 0.0001,
    "lrp2": 1e-05,
    "layer_options": [
      512,
      256
    ],
    "dropout_rate": 0.5,
    "optimizer": "adam",
    "epochs_p1": 35,
    "epochs_p2": 50,
    "fine_tune_at": 150
  },
  "test_accuracy": 0.46666666865348816,
  "test_loss": 1.3033686876296997,
  "f1_macro": 0.47805340489122516,
  "val_acc_p1": 0.40229883790016174,
  "val_acc_p2": 0.49425286054611206
}