{
  "trial_id": 1,
  "architecture": "512 \u2192 256",
  "params": {
    "lrp1": 1e-05,
    "lrp2": 1e-05,
    "layer_options": [
      512,
      256
    ],
    "dropout_rate": 0.6,
    "optimizer": "rmsprop",
    "epochs_p1": 20,
    "epochs_p2": 50,
    "fine_tune_at": 160
  },
  "test_accuracy": 0.4555555582046509,
  "test_loss": 1.2417418956756592,
  "f1_macro": 0.44982549827600704,
  "val_acc_p1": 0.36781609058380127,
  "val_acc_p2": 0.4252873659133911
}