{
  "trial_id": 27,
  "architecture": "512 \u2192 256",
  "params": {
    "lrp1": 1e-05,
    "lrp2": 1e-06,
    "layer_options": [
      512,
      256
    ],
    "dropout_rate": 0.3,
    "optimizer": "rmsprop",
    "epochs_p1": 30,
    "epochs_p2": 50,
    "fine_tune_at": 150
  },
  "test_accuracy": 0.3333333432674408,
  "test_loss": 1.3266468048095703,
  "f1_macro": 0.3377688144970156,
  "val_acc_p1": 0.4252873659133911,
  "val_acc_p2": 0.36781609058380127
}