{
  "trial_id": 11,
  "architecture": "512 \u2192 256 \u2192 64",
  "params": {
    "lrp1": 0.001,
    "lrp2": 5e-06,
    "layer_options": [
      512,
      256,
      64
    ],
    "dropout_rate": 0.6,
    "optimizer": "rmsprop",
    "epochs_p1": 35,
    "epochs_p2": 20,
    "fine_tune_at": 140
  },
  "test_accuracy": 0.4555555582046509,
  "test_loss": 1.0190075635910034,
  "f1_macro": 0.4644201554139442,
  "val_acc_p1": 0.49425286054611206,
  "val_acc_p2": 0.5632184147834778
}