{
  "trial_id": 5,
  "architecture": "512 \u2192 256 \u2192 64",
  "params": {
    "lrp1": 0.0001,
    "lrp2": 1e-06,
    "layer_options": [
      512,
      256,
      64
    ],
    "dropout_rate": 0.6,
    "optimizer": "rmsprop",
    "epochs_p1": 30,
    "epochs_p2": 50,
    "fine_tune_at": 150
  },
  "test_accuracy": 0.3333333432674408,
  "test_loss": 1.333986520767212,
  "f1_macro": 0.2562602818110293,
  "val_acc_p1": 0.37931033968925476,
  "val_acc_p2": 0.3448275923728943
}