{
  "trial_id": 49,
  "architecture": "512 \u2192 256",
  "params": {
    "lrp1": 1e-05,
    "lrp2": 1.0000000000000002e-06,
    "layer_options": [
      512,
      256
    ],
    "dropout_rate": 0.4,
    "optimizer": "rmsprop",
    "epochs_p1": 35,
    "epochs_p2": 50,
    "fine_tune_at": 150
  },
  "test_accuracy": 0.4333333373069763,
  "test_loss": 1.3186235427856445,
  "f1_macro": 0.3665411748745082,
  "val_acc_p1": 0.4252873659133911,
  "val_acc_p2": 0.36781609058380127
}