{
  "trial_id": 8,
  "architecture": "256 \u2192 128",
  "params": {
    "lrp1": 0.0005,
    "lrp2": 1e-05,
    "layer_options": [
      256,
      128
    ],
    "dropout_rate": 0.4,
    "optimizer": "rmsprop",
    "epochs_p1": 30,
    "epochs_p2": 20,
    "fine_tune_at": 160
  },
  "test_accuracy": 0.46666666865348816,
  "test_loss": 1.429233431816101,
  "f1_macro": 0.4720801586473229,
  "val_acc_p1": 0.5287356376647949,
  "val_acc_p2": 0.5747126340866089
}