{
  "trial_id": 5,
  "architecture": "256 \u2192 128",
  "params": {
    "lrp1": 0.0001,
    "lrp2": 1e-06,
    "layer_options": [
      256,
      128
    ],
    "dropout_rate": 0.6,
    "optimizer": "rmsprop",
    "epochs_p1": 30,
    "epochs_p2": 50,
    "fine_tune_at": 170
  },
  "test_accuracy": 0.42222222685813904,
  "test_loss": 1.1007803678512573,
  "f1_macro": 0.4007023742227247,
  "val_acc_p1": 0.40229883790016174,
  "val_acc_p2": 0.39080458879470825
}