{
  "trial_id": 38,
  "architecture": "512 \u2192 256 \u2192 64",
  "params": {
    "lrp1": 0.0001,
    "lrp2": 5e-05,
    "layer_options": [
      512,
      256,
      64
    ],
    "dropout_rate": 0.6,
    "optimizer": "rmsprop",
    "epochs_p1": 30,
    "epochs_p2": 50,
    "fine_tune_at": 160
  },
  "test_accuracy": 0.5333333611488342,
  "test_loss": 1.0510443449020386,
  "f1_macro": 0.5671048196831816,
  "val_acc_p1": 0.4252873659133911,
  "val_acc_p2": 0.6091954112052917
}