{
  "trial_id": 25,
  "architecture": "256 \u2192 128",
  "params": {
    "lrp1": 1e-05,
    "lrp2": 1e-06,
    "layer_options": [
      256,
      128
    ],
    "dropout_rate": 0.6,
    "optimizer": "rmsprop",
    "epochs_p1": 30,
    "epochs_p2": 50,
    "fine_tune_at": 170
  },
  "test_accuracy": 0.3222222328186035,
  "test_loss": 1.3424017429351807,
  "f1_macro": 0.2990954319312528,
  "val_acc_p1": 0.3218390941619873,
  "val_acc_p2": 0.3218390941619873
}