{
  "trial_id": 44,
  "architecture": "512 \u2192 256",
  "params": {
    "lrp1": 1e-05,
    "lrp2": 1.0000000000000002e-06,
    "layer_options": [
      512,
      256
    ],
    "dropout_rate": 0.3,
    "optimizer": "adam",
    "epochs_p1": 30,
    "epochs_p2": 50,
    "fine_tune_at": 140
  },
  "test_accuracy": 0.3222222328186035,
  "test_loss": 1.3722039461135864,
  "f1_macro": 0.2943627450980392,
  "val_acc_p1": 0.3333333432674408,
  "val_acc_p2": 0.24137930572032928
}