{
  "trial_id": 7,
  "architecture": "256 \u2192 128",
  "params": {
    "lrp1": 1e-05,
    "lrp2": 1e-05,
    "layer_options": [
      256,
      128
    ],
    "dropout_rate": 0.3,
    "optimizer": "rmsprop",
    "epochs_p1": 20,
    "epochs_p2": 20,
    "fine_tune_at": 160
  },
  "test_accuracy": 0.46666666865348816,
  "test_loss": 1.1576961278915405,
  "f1_macro": 0.462749169435216,
  "val_acc_p1": 0.4137931168079376,
  "val_acc_p2": 0.4597701132297516
}