{
  "trial_id": 10,
  "architecture": "512 \u2192 256 \u2192 64",
  "params": {
    "lrp1": 0.0001,
    "lrp2": 1e-06,
    "layer_options": [
      512,
      256,
      64
    ],
    "dropout_rate": 0.6,
    "optimizer": "rmsprop",
    "epochs_p1": 35,
    "epochs_p2": 20,
    "fine_tune_at": 150
  },
  "test_accuracy": 0.3222222328186035,
  "test_loss": 1.329214334487915,
  "f1_macro": 0.19696607740086003,
  "val_acc_p1": 0.4137931168079376,
  "val_acc_p2": 0.3563218414783478
}