{
  "trial_id": 22,
  "architecture": "512 \u2192 256 \u2192 64",
  "params": {
    "lrp1": 0.0005,
    "lrp2": 1e-06,
    "layer_options": [
      512,
      256,
      64
    ],
    "dropout_rate": 0.6,
    "optimizer": "adam",
    "epochs_p1": 25,
    "epochs_p2": 40,
    "fine_tune_at": 150
  },
  "test_accuracy": 0.3777777850627899,
  "test_loss": 1.1618211269378662,
  "f1_macro": 0.33132959682824914,
  "val_acc_p1": 0.4137931168079376,
  "val_acc_p2": 0.29885056614875793
}