{
  "trial_id": 8,
  "architecture": "512 \u2192 256",
  "params": {
    "lrp1": 0.0005,
    "lrp2": 1e-05,
    "layer_options": [
      512,
      256
    ],
    "dropout_rate": 0.4,
    "optimizer": "rmsprop",
    "epochs_p1": 30,
    "epochs_p2": 20,
    "fine_tune_at": 160
  },
  "test_accuracy": 0.4555555582046509,
  "test_loss": 1.3986566066741943,
  "f1_macro": 0.46994157336997183,
  "val_acc_p1": 0.5287356376647949,
  "val_acc_p2": 0.5632184147834778
}