{
  "trial_id": 33,
  "architecture": "256 \u2192 128",
  "params": {
    "lrp1": 0.0005,
    "lrp2": 0.0001,
    "layer_options": [
      256,
      128
    ],
    "dropout_rate": 0.6,
    "optimizer": "adam",
    "epochs_p1": 35,
    "epochs_p2": 40,
    "fine_tune_at": 140
  },
  "test_accuracy": 0.5333333611488342,
  "test_loss": 1.0447534322738647,
  "f1_macro": 0.5137665782493369,
  "val_acc_p1": 0.49425286054611206,
  "val_acc_p2": 0.5287356376647949
}