{
  "trial_id": 16,
  "architecture": "256",
  "params": {
    "lrp1": 0.001,
    "lrp2": 5e-06,
    "layer_options": [
      256
    ],
    "dropout_rate": 0.4,
    "optimizer": "adam",
    "epochs_p1": 25,
    "epochs_p2": 50,
    "fine_tune_at": 170
  },
  "test_accuracy": 0.4333333373069763,
  "test_loss": 1.132232666015625,
  "f1_macro": 0.45241662264803917,
  "val_acc_p1": 0.49425286054611206,
  "val_acc_p2": 0.4137931168079376
}