{
  "trial_id": 26,
  "architecture": "512",
  "params": {
    "lrp1": 0.0005,
    "lrp2": 0.0001,
    "layer_options": [
      512
    ],
    "dropout_rate": 0.4,
    "optimizer": "rmsprop",
    "epochs_p1": 35,
    "epochs_p2": 40,
    "fine_tune_at": 160
  },
  "test_accuracy": 0.47777777910232544,
  "test_loss": 2.048698663711548,
  "f1_macro": 0.4779114178504422,
  "val_acc_p1": 0.4712643623352051,
  "val_acc_p2": 0.517241358757019
}