{
  "trial_id": 37,
  "architecture": "512 \u2192 256",
  "params": {
    "lrp1": 5e-05,
    "lrp2": 5e-05,
    "layer_options": [
      512,
      256
    ],
    "dropout_rate": 0.4,
    "optimizer": "adam",
    "epochs_p1": 25,
    "epochs_p2": 50,
    "fine_tune_at": 150
  },
  "test_accuracy": 0.5,
  "test_loss": 1.7154344320297241,
  "f1_macro": 0.5112179487179487,
  "val_acc_p1": 0.4712643623352051,
  "val_acc_p2": 0.5287356376647949
}