{
  "trial_id": 35,
  "architecture": "256",
  "params": {
    "lrp1": 0.0001,
    "lrp2": 1e-05,
    "layer_options": [
      256
    ],
    "dropout_rate": 0.4,
    "optimizer": "adam",
    "epochs_p1": 20,
    "epochs_p2": 40,
    "fine_tune_at": 170
  },
  "test_accuracy": 0.4000000059604645,
  "test_loss": 1.1257730722427368,
  "f1_macro": 0.3912277238890143,
  "val_acc_p1": 0.4597701132297516,
  "val_acc_p2": 0.4482758641242981
}