{
  "trial_id": 39,
  "architecture": "512 \u2192 256",
  "params": {
    "lrp1": 0.001,
    "lrp2": 5e-05,
    "layer_options": [
      512,
      256
    ],
    "dropout_rate": 0.6,
    "optimizer": "rmsprop",
    "epochs_p1": 20,
    "epochs_p2": 30,
    "fine_tune_at": 150
  },
  "test_accuracy": 0.5333333611488342,
  "test_loss": 2.0807735919952393,
  "f1_macro": 0.5431188482314839,
  "val_acc_p1": 0.4482758641242981,
  "val_acc_p2": 0.5747126340866089
}