{
  "trial_id": 3,
  "architecture": "256 \u2192 128",
  "params": {
    "lrp1": 0.0001,
    "lrp2": 5e-05,
    "layer_options": [
      256,
      128
    ],
    "dropout_rate": 0.5,
    "optimizer": "adam",
    "epochs_p1": 30,
    "epochs_p2": 40,
    "fine_tune_at": 140
  },
  "test_accuracy": 0.5,
  "test_loss": 1.889382243156433,
  "f1_macro": 0.5309872193024366,
  "val_acc_p1": 0.4712643623352051,
  "val_acc_p2": 0.49425286054611206
}