{
  "trial_id": 15,
  "architecture": "512 \u2192 256 \u2192 64",
  "params": {
    "lrp1": 1e-05,
    "lrp2": 1e-05,
    "layer_options": [
      512,
      256,
      64
    ],
    "dropout_rate": 0.3,
    "optimizer": "adam",
    "epochs_p1": 30,
    "epochs_p2": 50,
    "fine_tune_at": 160
  },
  "test_accuracy": 0.3888888955116272,
  "test_loss": 1.2801233530044556,
  "f1_macro": 0.3644502298527067,
  "val_acc_p1": 0.28735631704330444,
  "val_acc_p2": 0.40229883790016174
}