{
  "trial_id": 50,
  "architecture": "512 \u2192 256 \u2192 64",
  "params": {
    "lrp1": 0.0005,
    "lrp2": 0.0001,
    "layer_options": [
      512,
      256,
      64
    ],
    "dropout_rate": 0.5,
    "optimizer": "adam",
    "epochs_p1": 35,
    "epochs_p2": 30,
    "fine_tune_at": 140
  },
  "test_accuracy": 0.5555555820465088,
  "test_loss": 1.5048142671585083,
  "f1_macro": 0.5764940733025838,
  "val_acc_p1": 0.48275861144065857,
  "val_acc_p2": 0.5862069129943848
}