{
  "trial_id": 9,
  "architecture": "512 \u2192 256 \u2192 64",
  "params": {
    "lrp1": 5e-05,
    "lrp2": 5e-06,
    "layer_options": [
      512,
      256,
      64
    ],
    "dropout_rate": 0.4,
    "optimizer": "adam",
    "epochs_p1": 25,
    "epochs_p2": 40,
    "fine_tune_at": 170
  },
  "test_accuracy": 0.5,
  "test_loss": 1.0534859895706177,
  "f1_macro": 0.5163668165917041,
  "val_acc_p1": 0.4252873659133911,
  "val_acc_p2": 0.4137931168079376
}