{
  "trial_id": 24,
  "architecture": "256 \u2192 128",
  "params": {
    "lrp1": 1e-05,
    "lrp2": 1e-05,
    "layer_options": [
      256,
      128
    ],
    "dropout_rate": 0.4,
    "optimizer": "rmsprop",
    "epochs_p1": 30,
    "epochs_p2": 40,
    "fine_tune_at": 140
  },
  "test_accuracy": 0.4333333373069763,
  "test_loss": 1.4168163537979126,
  "f1_macro": 0.43741621281943865,
  "val_acc_p1": 0.3103448152542114,
  "val_acc_p2": 0.4597701132297516
}