{
  "trial_id": 42,
  "architecture": "256 \u2192 128",
  "params": {
    "lrp1": 0.0001,
    "lrp2": 1e-06,
    "layer_options": [
      256,
      128
    ],
    "dropout_rate": 0.3,
    "optimizer": "rmsprop",
    "epochs_p1": 25,
    "epochs_p2": 50,
    "fine_tune_at": 170
  },
  "test_accuracy": 0.42222222685813904,
  "test_loss": 1.0488032102584839,
  "f1_macro": 0.41401730131781067,
  "val_acc_p1": 0.48275861144065857,
  "val_acc_p2": 0.4482758641242981
}