{
  "trial_id": 12,
  "architecture": "512 \u2192 256 \u2192 64",
  "params": {
    "lrp1": 5e-05,
    "lrp2": 5e-05,
    "layer_options": [
      512,
      256,
      64
    ],
    "dropout_rate": 0.5,
    "optimizer": "rmsprop",
    "epochs_p1": 35,
    "epochs_p2": 50,
    "fine_tune_at": 150
  },
  "test_accuracy": 0.5222222208976746,
  "test_loss": 1.5966120958328247,
  "f1_macro": 0.49862610652246375,
  "val_acc_p1": 0.37931033968925476,
  "val_acc_p2": 0.5517241358757019
}