{
  "trial_id": 32,
  "architecture": "512",
  "params": {
    "lrp1": 0.001,
    "lrp2": 0.0001,
    "layer_options": [
      512
    ],
    "dropout_rate": 0.5,
    "optimizer": "adam",
    "epochs_p1": 30,
    "epochs_p2": 30,
    "fine_tune_at": 150
  },
  "test_accuracy": 0.5,
  "test_loss": 1.7284988164901733,
  "f1_macro": 0.4890635680109364,
  "val_acc_p1": 0.49425286054611206,
  "val_acc_p2": 0.5747126340866089
}