{
  "trial_id": 18,
  "architecture": "512 \u2192 256 \u2192 64",
  "params": {
    "lrp1": 0.0001,
    "lrp2": 1e-05,
    "layer_options": [
      512,
      256,
      64
    ],
    "dropout_rate": 0.4,
    "optimizer": "rmsprop",
    "epochs_p1": 25,
    "epochs_p2": 50,
    "fine_tune_at": 170
  },
  "test_accuracy": 0.4333333373069763,
  "test_loss": 1.0495744943618774,
  "f1_macro": 0.4230277282069329,
  "val_acc_p1": 0.48275861144065857,
  "val_acc_p2": 0.4367816150188446
}