{
  "trial_id": 21,
  "architecture": "512 \u2192 256",
  "params": {
    "lrp1": 0.0005,
    "lrp2": 5e-05,
    "layer_options": [
      512,
      256
    ],
    "dropout_rate": 0.5,
    "optimizer": "rmsprop",
    "epochs_p1": 20,
    "epochs_p2": 50,
    "fine_tune_at": 140
  },
  "test_accuracy": 0.5222222208976746,
  "test_loss": 1.6040489673614502,
  "f1_macro": 0.5482786208965672,
  "val_acc_p1": 0.517241358757019,
  "val_acc_p2": 0.5517241358757019
}