{
  "trial_id": 48,
  "architecture": "256 \u2192 128",
  "params": {
    "lrp1": 5e-05,
    "lrp2": 1e-06,
    "layer_options": [
      256,
      128
    ],
    "dropout_rate": 0.5,
    "optimizer": "rmsprop",
    "epochs_p1": 35,
    "epochs_p2": 40,
    "fine_tune_at": 160
  },
  "test_accuracy": 0.46666666865348816,
  "test_loss": 1.2351880073547363,
  "f1_macro": 0.4248514557338087,
  "val_acc_p1": 0.4712643623352051,
  "val_acc_p2": 0.4252873659133911
}