{
  "trial_id": 11,
  "architecture": "256 \u2192 128",
  "params": {
    "lrp1": 0.001,
    "lrp2": 5e-06,
    "layer_options": [
      256,
      128
    ],
    "dropout_rate": 0.6,
    "optimizer": "rmsprop",
    "epochs_p1": 35,
    "epochs_p2": 20,
    "fine_tune_at": 140
  },
  "test_accuracy": 0.5,
  "test_loss": 1.1586228609085083,
  "f1_macro": 0.4536156134993345,
  "val_acc_p1": 0.49425286054611206,
  "val_acc_p2": 0.40229883790016174
}