{
  "trial_id": 3,
  "architecture": "512 \u2192 256",
  "params": {
    "lrp1": 0.001,
    "lrp2": 0.0005,
    "layer_options": [
      512,
      256
    ],
    "dropout_rate": 0.5,
    "optimizer": "adam",
    "epochs_p1": 50,
    "epochs_p2": 50,
    "fine_tune_at": 20
  },
  "test_accuracy": 0.5227272510528564,
  "test_loss": 1.4318596124649048,
  "f1_macro": 0.4267843948059594,
  "val_acc_p1": 0.19083969295024872,
  "val_acc_p2": 0.48091602325439453,
  "epochs_ran_p1": 22,
  "epochs_ran_p2": 36
}