{
  "trial_id": 2,
  "architecture": "256 \u2192 128 \u2192 64",
  "params": {
    "lrp1": 0.005,
    "lrp2": 0.001,
    "layer_options": [
      256,
      128,
      64
    ],
    "dropout_rate": 0.3,
    "optimizer": "adam",
    "epochs_p1": 60,
    "epochs_p2": 40,
    "fine_tune_at": 40
  },
  "test_accuracy": 0.21212121844291687,
  "test_loss": 1.375733494758606,
  "f1_macro": 0.0875,
  "val_acc_p1": 0.42748090624809265,
  "val_acc_p2": 0.40458014607429504,
  "epochs_ran_p1": 19,
  "epochs_ran_p2": 15
}