{
  "trial_id": 17,
  "architecture": "512 \u2192 256",
  "params": {
    "lrp1": 0.0005,
    "lrp2": 1e-05,
    "layer_options": [
      512,
      256
    ],
    "dropout_rate": 0.3,
    "optimizer": "adam",
    "epochs_p1": 50,
    "epochs_p2": 30,
    "fine_tune_at": 20
  },
  "test_accuracy": 0.3484848439693451,
  "test_loss": 3.564804792404175,
  "f1_macro": 0.32689485834272664,
  "val_acc_p1": 0.21374045312404633,
  "val_acc_p2": 0.42748090624809265,
  "epochs_ran_p1": 38,
  "epochs_ran_p2": 30
}