{
  "trial_id": 10,
  "architecture": "256 \u2192 128 \u2192 64",
  "params": {
    "lrp1": 0.001,
    "lrp2": 1e-05,
    "layer_options": [
      256,
      128,
      64
    ],
    "dropout_rate": 0.6,
    "optimizer": "adamw",
    "epochs_p1": 60,
    "epochs_p2": 30,
    "fine_tune_at": 30
  },
  "test_accuracy": 0.10606060922145844,
  "test_loss": 1.4265320301055908,
  "f1_macro": 0.04794520547945205,
  "val_acc_p1": 0.4198473393917084,
  "val_acc_p2": 0.2442748099565506,
  "epochs_ran_p1": 18,
  "epochs_ran_p2": 15
}