{
  "trial_id": 19,
  "architecture": "256 \u2192 128 \u2192 64",
  "params": {
    "lrp1": 0.005,
    "lrp2": 5e-05,
    "layer_options": [
      256,
      128,
      64
    ],
    "dropout_rate": 0.4,
    "optimizer": "adamw",
    "epochs_p1": 50,
    "epochs_p2": 50,
    "fine_tune_at": 20
  },
  "test_accuracy": 0.10606060922145844,
  "test_loss": 3.2074198722839355,
  "f1_macro": 0.04794520547945205,
  "val_acc_p1": 0.2442748099565506,
  "val_acc_p2": 0.23664122819900513,
  "epochs_ran_p1": 19,
  "epochs_ran_p2": 15
}