{
  "trial_id": 11,
  "architecture": "512 \u2192 256",
  "params": {
    "lrp1": 0.01,
    "lrp2": 5e-05,
    "layer_options": [
      512,
      256
    ],
    "dropout_rate": 0.6,
    "optimizer": "sgd",
    "epochs_p1": 50,
    "epochs_p2": 60,
    "fine_tune_at": 20
  },
  "test_accuracy": 0.2651515007019043,
  "test_loss": 1.3729071617126465,
  "f1_macro": 0.10479041916167664,
  "val_acc_p1": 0.10687022656202316,
  "val_acc_p2": 0.2671755850315094,
  "epochs_ran_p1": 16,
  "epochs_ran_p2": 16
}