{
  "trial_id": 50,
  "architecture": "256 \u2192 128 \u2192 64",
  "params": {
    "lrp1": 0.005,
    "lrp2": 0.001,
    "layer_options": [
      256,
      128,
      64
    ],
    "dropout_rate": 0.5,
    "optimizer": "sgd",
    "epochs_p1": 30,
    "epochs_p2": 60,
    "fine_tune_at": 30
  },
  "test_accuracy": 0.21212121844291687,
  "test_loss": 1.3749431371688843,
  "f1_macro": 0.0875,
  "val_acc_p1": 0.3435114622116089,
  "val_acc_p2": 0.20610687136650085,
  "epochs_ran_p1": 30,
  "epochs_ran_p2": 15
}