{
  "trial_id": 9,
  "architecture": "256 \u2192 128 \u2192 64",
  "params": {
    "lrp1": 0.0005,
    "lrp2": 5e-05,
    "layer_options": [
      256,
      128,
      64
    ],
    "dropout_rate": 0.4,
    "optimizer": "adam",
    "epochs_p1": 40,
    "epochs_p2": 50,
    "fine_tune_at": 50
  },
  "test_accuracy": 0.21212121844291687,
  "test_loss": 1.3643330335617065,
  "f1_macro": 0.0875,
  "val_acc_p1": 0.4198473393917084,
  "val_acc_p2": 0.20610687136650085,
  "epochs_ran_p1": 16,
  "epochs_ran_p2": 15
}