{
  "trial_id": 47,
  "architecture": "256 \u2192 128",
  "params": {
    "lrp1": 0.0001,
    "lrp2": 1e-05,
    "layer_options": [
      256,
      128
    ],
    "dropout_rate": 0.4,
    "optimizer": "adamw",
    "epochs_p1": 30,
    "epochs_p2": 40,
    "fine_tune_at": 50
  },
  "test_accuracy": 0.21212121844291687,
  "test_loss": 1.3671257495880127,
  "f1_macro": 0.0875,
  "val_acc_p1": 0.2671755850315094,
  "val_acc_p2": 0.20610687136650085,
  "epochs_ran_p1": 16,
  "epochs_ran_p2": 15
}