{
  "trial_id": 39,
  "architecture": "256 \u2192 128",
  "params": {
    "lrp1": 0.01,
    "lrp2": 0.0005,
    "layer_options": [
      256,
      128
    ],
    "dropout_rate": 0.6,
    "optimizer": "adamw",
    "epochs_p1": 30,
    "epochs_p2": 40,
    "fine_tune_at": 30
  },
  "test_accuracy": 0.4318181872367859,
  "test_loss": 1.145660638809204,
  "f1_macro": 0.41052289306339995,
  "val_acc_p1": 0.1679389327764511,
  "val_acc_p2": 0.4885496199131012,
  "epochs_ran_p1": 23,
  "epochs_ran_p2": 40
}