{
  "trial_id": 24,
  "architecture": "512 \u2192 256",
  "params": {
    "lrp1": 0.0001,
    "lrp2": 0.0001,
    "layer_options": [
      512,
      256
    ],
    "dropout_rate": 0.4,
    "optimizer": "adamw",
    "epochs_p1": 50,
    "epochs_p2": 50,
    "fine_tune_at": 20
  },
  "test_accuracy": 0.21212121844291687,
  "test_loss": 1.414982795715332,
  "f1_macro": 0.0875,
  "val_acc_p1": 0.4198473393917084,
  "val_acc_p2": 0.4198473393917084,
  "epochs_ran_p1": 16,
  "epochs_ran_p2": 15
}