{
  "trial_id": 23,
  "architecture": "256 \u2192 128",
  "params": {
    "lrp1": 0.005,
    "lrp2": 0.0001,
    "layer_options": [
      256,
      128
    ],
    "dropout_rate": 0.4,
    "optimizer": "adamw",
    "epochs_p1": 60,
    "epochs_p2": 60,
    "fine_tune_at": 40
  },
  "test_accuracy": 0.3484848439693451,
  "test_loss": 1.3014901876449585,
  "f1_macro": 0.2136574074074074,
  "val_acc_p1": 0.17557251453399658,
  "val_acc_p2": 0.42748090624809265,
  "epochs_ran_p1": 42,
  "epochs_ran_p2": 35
}