{
  "trial_id": 18,
  "architecture": "256 \u2192 128 \u2192 64",
  "params": {
    "lrp1": 0.001,
    "lrp2": 0.0001,
    "layer_options": [
      256,
      128,
      64
    ],
    "dropout_rate": 0.4,
    "optimizer": "adamw",
    "epochs_p1": 40,
    "epochs_p2": 60,
    "fine_tune_at": 50
  },
  "test_accuracy": 0.21212121844291687,
  "test_loss": 1.3718655109405518,
  "f1_macro": 0.0875,
  "val_acc_p1": 0.4198473393917084,
  "val_acc_p2": 0.20610687136650085,
  "epochs_ran_p1": 16,
  "epochs_ran_p2": 15
}