{
  "trial_id": 31,
  "architecture": "256 \u2192 128 \u2192 64",
  "params": {
    "lrp1": 0.001,
    "lrp2": 1e-05,
    "layer_options": [
      256,
      128,
      64
    ],
    "dropout_rate": 0.6,
    "optimizer": "sgd",
    "epochs_p1": 40,
    "epochs_p2": 60,
    "fine_tune_at": 40
  },
  "test_accuracy": 0.4166666567325592,
  "test_loss": 1.3827849626541138,
  "f1_macro": 0.14705882352941177,
  "val_acc_p1": 0.2977099120616913,
  "val_acc_p2": 0.4198473393917084,
  "epochs_ran_p1": 16,
  "epochs_ran_p2": 22
}