{
  "trial_id": 3,
  "architecture": "512 \u2192 256",
  "params": {
    "lrp1": 0.001,
    "lrp2": 0.0005,
    "layer_options": [
      512,
      256
    ],
    "dropout_rate": 0.5,
    "optimizer": "adam",
    "epochs_p1": 50,
    "epochs_p2": 50,
    "fine_tune_at": 20
  },
  "test_accuracy": 0.5075757503509521,
  "test_loss": 1.924511194229126,
  "f1_macro": 0.46905594405594403,
  "val_acc_p1": 0.1679389327764511,
  "val_acc_p2": 0.49618321657180786,
  "epochs_ran_p1": 33,
  "epochs_ran_p2": 46
}