{
  "trial_id": 22,
  "architecture": "256 \u2192 128 \u2192 64",
  "params": {
    "lrp1": 0.005,
    "lrp2": 1e-05,
    "layer_options": [
      256,
      128,
      64
    ],
    "dropout_rate": 0.6,
    "optimizer": "sgd",
    "epochs_p1": 30,
    "epochs_p2": 40,
    "fine_tune_at": 40
  },
  "test_accuracy": 0.10606060922145844,
  "test_loss": 1.4234000444412231,
  "f1_macro": 0.04794520547945205,
  "val_acc_p1": 0.4198473393917084,
  "val_acc_p2": 0.10687022656202316,
  "epochs_ran_p1": 17,
  "epochs_ran_p2": 15
}