{
  "trial_id": 37,
  "architecture": "256 \u2192 128",
  "params": {
    "lrp1": 0.0005,
    "lrp2": 0.0005,
    "layer_options": [
      256,
      128
    ],
    "dropout_rate": 0.4,
    "optimizer": "adam",
    "epochs_p1": 40,
    "epochs_p2": 60,
    "fine_tune_at": 30
  },
  "test_accuracy": 0.5227272510528564,
  "test_loss": 3.3031530380249023,
  "f1_macro": 0.5090445205974025,
  "val_acc_p1": 0.2671755850315094,
  "val_acc_p2": 0.5496183037757874,
  "epochs_ran_p1": 16,
  "epochs_ran_p2": 48
}