{
  "trial_id": 19,
  "architecture": "256 \u2192 128 \u2192 64",
  "params": {
    "lrp1": 0.005,
    "lrp2": 5e-05,
    "layer_options": [
      256,
      128,
      64
    ],
    "dropout_rate": 0.4,
    "optimizer": "adamw",
    "epochs_p1": 50,
    "epochs_p2": 50,
    "fine_tune_at": 20
  },
  "test_accuracy": 0.2651515007019043,
  "test_loss": 1.6399142742156982,
  "f1_macro": 0.22315121200461716,
  "val_acc_p1": 0.18320611119270325,
  "val_acc_p2": 0.30534350872039795,
  "epochs_ran_p1": 21,
  "epochs_ran_p2": 41
}