{
  "trial_id": 7,
  "architecture": "512 \u2192 256",
  "params": {
    "lrp1": 0.0001,
    "lrp2": 0.0001,
    "layer_options": [
      512,
      256
    ],
    "dropout_rate": 0.3,
    "optimizer": "adamw",
    "epochs_p1": 30,
    "epochs_p2": 30,
    "fine_tune_at": 40
  },
  "test_accuracy": 0.21212121844291687,
  "test_loss": 1.3685274124145508,
  "f1_macro": 0.0875,
  "val_acc_p1": 0.4351145029067993,
  "val_acc_p2": 0.21374045312404633,
  "epochs_ran_p1": 16,
  "epochs_ran_p2": 15
}