{
  "trial_id": 12,
  "architecture": "256 \u2192 128 \u2192 64",
  "params": {
    "lrp1": 0.0005,
    "lrp2": 0.0005,
    "layer_options": [
      256,
      128,
      64
    ],
    "dropout_rate": 0.5,
    "optimizer": "adamw",
    "epochs_p1": 60,
    "epochs_p2": 60,
    "fine_tune_at": 30
  },
  "test_accuracy": 0.21212121844291687,
  "test_loss": 1.412316918373108,
  "f1_macro": 0.0875,
  "val_acc_p1": 0.4198473393917084,
  "val_acc_p2": 0.30534350872039795,
  "epochs_ran_p1": 16,
  "epochs_ran_p2": 15
}