{
  "trial_id": 35,
  "architecture": "256",
  "params": {
    "lrp1": 0.001,
    "lrp2": 0.0001,
    "layer_options": [
      256
    ],
    "dropout_rate": 0.4,
    "optimizer": "adam",
    "epochs_p1": 30,
    "epochs_p2": 50,
    "fine_tune_at": 50
  },
  "test_accuracy": 0.21212121844291687,
  "test_loss": 1.4692506790161133,
  "f1_macro": 0.0875,
  "val_acc_p1": 0.2671755850315094,
  "val_acc_p2": 0.20610687136650085,
  "epochs_ran_p1": 16,
  "epochs_ran_p2": 15
}