{
  "trial_id": 34,
  "architecture": "512 \u2192 256",
  "params": {
    "lrp1": 0.001,
    "lrp2": 0.0005,
    "layer_options": [
      512,
      256
    ],
    "dropout_rate": 0.4,
    "optimizer": "adamw",
    "epochs_p1": 30,
    "epochs_p2": 60,
    "fine_tune_at": 30
  },
  "test_accuracy": 0.4166666567325592,
  "test_loss": 3.3739161491394043,
  "f1_macro": 0.14705882352941177,
  "val_acc_p1": 0.20610687136650085,
  "val_acc_p2": 0.4198473393917084,
  "epochs_ran_p1": 30,
  "epochs_ran_p2": 19
}