{
  "trial_id": 27,
  "architecture": "256",
  "params": {
    "lrp1": 0.0001,
    "lrp2": 1e-05,
    "layer_options": [
      256
    ],
    "dropout_rate": 0.3,
    "optimizer": "sgd",
    "epochs_p1": 50,
    "epochs_p2": 50,
    "fine_tune_at": 50
  },
  "test_accuracy": 0.4166666567325592,
  "test_loss": 1.381356954574585,
  "f1_macro": 0.14705882352941177,
  "val_acc_p1": 0.221374049782753,
  "val_acc_p2": 0.4198473393917084,
  "epochs_ran_p1": 30,
  "epochs_ran_p2": 16
}