{
  "trial_id": 36,
  "architecture": "256 \u2192 128",
  "params": {
    "lrp1": 0.0005,
    "lrp2": 1e-05,
    "layer_options": [
      256,
      128
    ],
    "dropout_rate": 0.5,
    "optimizer": "sgd",
    "epochs_p1": 60,
    "epochs_p2": 30,
    "fine_tune_at": 30
  },
  "test_accuracy": 0.2651515007019043,
  "test_loss": 1.3923336267471313,
  "f1_macro": 0.10479041916167664,
  "val_acc_p1": 0.4198473393917084,
  "val_acc_p2": 0.2671755850315094,
  "epochs_ran_p1": 16,
  "epochs_ran_p2": 15
}