{
  "trial_id": 5,
  "architecture": "512 \u2192 256",
  "params": {
    "lrp1": 0.001,
    "lrp2": 1e-05,
    "layer_options": [
      512,
      256
    ],
    "dropout_rate": 0.6,
    "optimizer": "sgd",
    "epochs_p1": 50,
    "epochs_p2": 50,
    "fine_tune_at": 50
  },
  "test_accuracy": 0.4166666567325592,
  "test_loss": 1.382737159729004,
  "f1_macro": 0.14705882352941177,
  "val_acc_p1": 0.20610687136650085,
  "val_acc_p2": 0.4198473393917084,
  "epochs_ran_p1": 16,
  "epochs_ran_p2": 16
}