{
  "trial_id": 21,
  "architecture": "256 \u2192 128",
  "params": {
    "lrp1": 0.005,
    "lrp2": 0.0005,
    "layer_options": [
      256,
      128
    ],
    "dropout_rate": 0.5,
    "optimizer": "adamw",
    "epochs_p1": 30,
    "epochs_p2": 60,
    "fine_tune_at": 20
  },
  "test_accuracy": 0.46212121844291687,
  "test_loss": 1.614145278930664,
  "f1_macro": 0.4248069498069498,
  "val_acc_p1": 0.15267175436019897,
  "val_acc_p2": 0.5190839767456055,
  "epochs_ran_p1": 22,
  "epochs_ran_p2": 48
}